onset	onsetTR	message	subjectid	run	block	orientation	phase	6.000	4.000	RestOffset	003	1	1	45	1.0
6.000	4.000	stimOnset	003	1	1	45	1.0
6.250	4.167	stimOffset	003	1	1	45	1.0
6.500	4.333	stimOnset	003	1	1	45	2.0
6.750	4.500	stimOffset	003	1	1	45	2.0
7.000	4.667	stimOnset	003	1	1	45	1.0
7.250	4.833	stimOffset	003	1	1	45	1.0
7.500	5.000	stimOnset	003	1	1	45	2.0
7.750	5.167	stimOffset	003	1	1	45	2.0
8.000	5.333	stimOnset	003	1	1	45	1.0
8.250	5.500	stimOffset	003	1	1	45	1.0
8.500	5.666	stimOnset	003	1	1	45	2.0
8.750	5.833	stimOffset	003	1	1	45	2.0
9.000	6.000	stimOnset	003	1	1	45	1.0
9.250	6.166	stimOffset	003	1	1	45	1.0
9.500	6.333	stimOnset	003	1	1	45	2.0
9.750	6.500	stimOffset	003	1	1	45	2.0
10.000	6.666	stimOnset	003	1	1	45	1.0
10.250	6.833	stimOffsetWithFlicker	003	1	1	45	1.0
10.500	7.000	stimOnset	003	1	1	45	2.0
10.750	7.166	stimOffset	003	1	1	45	2.0
11.000	7.333	stimOnset	003	1	1	45	1.0
11.250	7.500	stimOffset	003	1	1	45	1.0
11.500	7.666	stimOnset	003	1	1	45	2.0
11.750	7.833	stimOffset	003	1	1	45	2.0
12.000	8.000	stimOnset	003	1	1	45	1.0
12.250	8.166	stimOffset	003	1	1	45	1.0
12.500	8.333	stimOnset	003	1	1	45	2.0
12.750	8.500	stimOffset	003	1	1	45	2.0
13.000	8.666	stimOnset	003	1	1	45	1.0
13.250	8.833	stimOffsetWithFlicker	003	1	1	45	1.0
13.500	9.000	stimOnset	003	1	1	45	2.0
13.750	9.166	stimOffset	003	1	1	45	2.0
14.000	9.333	stimOnset	003	1	1	45	1.0
14.250	9.500	stimOffset	003	1	1	45	1.0
14.500	9.666	stimOnset	003	1	1	45	2.0
14.750	9.833	stimOffset	003	1	1	45	2.0
14.999	10.000	stimOnset	003	1	1	45	1.0
15.249	10.166	stimOffset	003	1	1	45	1.0
15.499	10.333	stimOnset	003	1	1	45	2.0
15.749	10.500	stimOffset	003	1	1	45	2.0
15.999	10.666	stimOnset	003	1	1	45	1.0
16.249	10.833	stimOffsetWithFlicker	003	1	1	45	1.0
16.499	11.000	stimOnset	003	1	1	45	2.0
16.749	11.166	stimOffset	003	1	1	45	2.0
16.999	11.333	stimOnset	003	1	1	45	1.0
17.249	11.500	stimOffset	003	1	1	45	1.0
17.499	11.666	stimOnset	003	1	1	45	2.0
17.749	11.833	stimOffset	003	1	1	45	2.0
17.999	12.000	stimOnset	003	1	1	45	1.0
18.249	12.166	stimOffset	003	1	1	45	1.0
18.499	12.333	stimOnset	003	1	1	45	2.0
18.749	12.500	stimOffset	003	1	1	45	2.0
18.999	12.666	stimOnset	003	1	1	45	1.0
19.249	12.833	stimOffset	003	1	1	45	1.0
19.499	13.000	stimOnset	003	1	1	45	2.0
19.749	13.166	stimOffset	003	1	1	45	2.0
19.999	13.333	stimOnset	003	1	1	45	1.0
20.249	13.500	stimOffset	003	1	1	45	1.0
20.499	13.666	stimOnset	003	1	1	45	2.0
20.749	13.833	stimOffset	003	1	1	45	2.0
20.999	14.000	stimOnset	003	1	1	45	1.0
21.249	14.166	stimOffset	003	1	1	45	1.0
21.499	14.333	stimOnset	003	1	1	45	2.0
21.749	14.499	stimOffset	003	1	1	45	2.0
21.999	14.666	stimOnset	003	1	1	45	1.0
22.249	14.833	stimOffset	003	1	1	45	1.0
22.250	14.833	RestOnset	003	1	1	45	1.0
25.499	16.999	flickerInPause	003	1	1	45	1.0
25.507	17.005	ButtonPress	003	1	1	45	1.0
25.522	17.015	ButtonPress	003	1	1	45	1.0
25.543	17.029	ButtonPress	003	1	1	45	1.0
25.556	17.037	ButtonPress	003	1	1	45	1.0
25.562	17.041	ButtonPress	003	1	1	45	1.0
34.499	22.999	RestOffset	003	1	2	135	1.0
34.499	22.999	stimOnset	003	1	2	135	1.0
34.749	23.166	stimOffset	003	1	2	135	1.0
34.999	23.333	stimOnset	003	1	2	135	2.0
35.249	23.499	stimOffset	003	1	2	135	2.0
35.499	23.666	stimOnset	003	1	2	135	1.0
35.749	23.832	stimOffsetWithFlicker	003	1	2	135	1.0
35.999	23.999	stimOnset	003	1	2	135	2.0
36.249	24.166	stimOffset	003	1	2	135	2.0
36.499	24.332	stimOnset	003	1	2	135	1.0
36.749	24.499	stimOffset	003	1	2	135	1.0
36.999	24.666	stimOnset	003	1	2	135	2.0
37.249	24.832	stimOffset	003	1	2	135	2.0
37.499	24.999	stimOnset	003	1	2	135	1.0
37.749	25.166	stimOffset	003	1	2	135	1.0
37.999	25.332	stimOnset	003	1	2	135	2.0
38.249	25.499	stimOffset	003	1	2	135	2.0
38.499	25.666	stimOnset	003	1	2	135	1.0
38.749	25.832	stimOffset	003	1	2	135	1.0
38.999	25.999	stimOnset	003	1	2	135	2.0
39.249	26.166	stimOffset	003	1	2	135	2.0
39.499	26.332	stimOnset	003	1	2	135	1.0
39.749	26.499	stimOffset	003	1	2	135	1.0
39.999	26.666	stimOnset	003	1	2	135	2.0
40.249	26.832	stimOffset	003	1	2	135	2.0
40.499	26.999	stimOnset	003	1	2	135	1.0
40.749	27.166	stimOffset	003	1	2	135	1.0
40.999	27.332	stimOnset	003	1	2	135	2.0
41.249	27.499	stimOffset	003	1	2	135	2.0
41.499	27.666	stimOnset	003	1	2	135	1.0
41.749	27.832	stimOffset	003	1	2	135	1.0
41.998	27.999	stimOnset	003	1	2	135	2.0
42.248	28.166	stimOffset	003	1	2	135	2.0
42.498	28.332	stimOnset	003	1	2	135	1.0
42.748	28.499	stimOffset	003	1	2	135	1.0
42.998	28.666	stimOnset	003	1	2	135	2.0
43.248	28.832	stimOffset	003	1	2	135	2.0
43.498	28.999	stimOnset	003	1	2	135	1.0
43.748	29.166	stimOffset	003	1	2	135	1.0
43.998	29.332	stimOnset	003	1	2	135	2.0
44.248	29.499	stimOffset	003	1	2	135	2.0
44.498	29.666	stimOnset	003	1	2	135	1.0
44.748	29.832	stimOffset	003	1	2	135	1.0
44.998	29.999	stimOnset	003	1	2	135	2.0
45.248	30.166	stimOffset	003	1	2	135	2.0
45.498	30.332	stimOnset	003	1	2	135	1.0
45.748	30.499	stimOffset	003	1	2	135	1.0
45.998	30.666	stimOnset	003	1	2	135	2.0
46.248	30.832	stimOffset	003	1	2	135	2.0
46.498	30.999	stimOnset	003	1	2	135	1.0
46.748	31.166	stimOffset	003	1	2	135	1.0
46.998	31.332	stimOnset	003	1	2	135	2.0
47.248	31.499	stimOffset	003	1	2	135	2.0
47.498	31.666	stimOnset	003	1	2	135	1.0
47.748	31.832	stimOffset	003	1	2	135	1.0
47.998	31.999	stimOnset	003	1	2	135	2.0
48.248	32.166	stimOffset	003	1	2	135	2.0
48.498	32.332	stimOnset	003	1	2	135	1.0
48.748	32.499	stimOffset	003	1	2	135	1.0
48.998	32.665	stimOnset	003	1	2	135	2.0
49.248	32.832	stimOffset	003	1	2	135	2.0
49.498	32.999	stimOnset	003	1	2	135	1.0
49.748	33.165	stimOffset	003	1	2	135	1.0
49.998	33.332	stimOnset	003	1	2	135	2.0
50.248	33.499	stimOffset	003	1	2	135	2.0
50.498	33.665	stimOnset	003	1	2	135	1.0
50.748	33.832	stimOffset	003	1	2	135	1.0
50.749	33.833	RestOnset	003	1	2	135	1.0
55.998	37.332	flickerInPause	003	1	2	135	1.0
56.003	37.335	ButtonPress	003	1	2	135	1.0
56.011	37.341	ButtonPress	003	1	2	135	1.0
56.019	37.346	ButtonPress	003	1	2	135	1.0
58.998	39.332	flickerInPause	003	1	2	135	1.0
59.998	39.999	flickerInPause	003	1	2	135	1.0
60.252	40.168	ButtonPress	003	1	3	45	1.0
60.259	40.173	ButtonPress	003	1	3	45	1.0
62.998	41.998	RestOffset	003	1	3	45	1.0
62.998	41.998	stimOnset	003	1	3	45	1.0
63.248	42.165	stimOffset	003	1	3	45	1.0
63.498	42.332	stimOnset	003	1	3	45	2.0
63.748	42.498	stimOffset	003	1	3	45	2.0
63.998	42.665	stimOnset	003	1	3	45	1.0
64.248	42.832	stimOffset	003	1	3	45	1.0
64.498	42.998	stimOnset	003	1	3	45	2.0
64.748	43.165	stimOffset	003	1	3	45	2.0
64.998	43.332	stimOnset	003	1	3	45	1.0
65.248	43.498	stimOffset	003	1	3	45	1.0
65.498	43.665	stimOnset	003	1	3	45	2.0
65.748	43.832	stimOffset	003	1	3	45	2.0
65.998	43.998	stimOnset	003	1	3	45	1.0
66.248	44.165	stimOffset	003	1	3	45	1.0
66.498	44.332	stimOnset	003	1	3	45	2.0
66.748	44.498	stimOffset	003	1	3	45	2.0
66.998	44.665	stimOnset	003	1	3	45	1.0
67.248	44.832	stimOffset	003	1	3	45	1.0
67.498	44.998	stimOnset	003	1	3	45	2.0
67.748	45.165	stimOffset	003	1	3	45	2.0
67.998	45.332	stimOnset	003	1	3	45	1.0
68.248	45.498	stimOffset	003	1	3	45	1.0
68.498	45.665	stimOnset	003	1	3	45	2.0
68.748	45.832	stimOffset	003	1	3	45	2.0
68.997	45.998	stimOnset	003	1	3	45	1.0
69.247	46.165	stimOffset	003	1	3	45	1.0
69.497	46.332	stimOnset	003	1	3	45	2.0
69.747	46.498	stimOffset	003	1	3	45	2.0
69.997	46.665	stimOnset	003	1	3	45	1.0
70.247	46.832	stimOffset	003	1	3	45	1.0
70.497	46.998	stimOnset	003	1	3	45	2.0
70.747	47.165	stimOffset	003	1	3	45	2.0
70.997	47.332	stimOnset	003	1	3	45	1.0
71.247	47.498	stimOffset	003	1	3	45	1.0
71.497	47.665	stimOnset	003	1	3	45	2.0
71.747	47.832	stimOffset	003	1	3	45	2.0
71.997	47.998	stimOnset	003	1	3	45	1.0
72.247	48.165	stimOffset	003	1	3	45	1.0
72.497	48.332	stimOnset	003	1	3	45	2.0
72.747	48.498	stimOffset	003	1	3	45	2.0
72.997	48.665	stimOnset	003	1	3	45	1.0
73.247	48.832	stimOffsetWithFlicker	003	1	3	45	1.0
73.497	48.998	stimOnset	003	1	3	45	2.0
73.747	49.165	stimOffset	003	1	3	45	2.0
73.997	49.332	stimOnset	003	1	3	45	1.0
74.247	49.498	stimOffset	003	1	3	45	1.0
74.497	49.665	stimOnset	003	1	3	45	2.0
74.747	49.832	stimOffset	003	1	3	45	2.0
74.997	49.998	stimOnset	003	1	3	45	1.0
75.247	50.165	stimOffset	003	1	3	45	1.0
75.497	50.332	stimOnset	003	1	3	45	2.0
75.747	50.498	stimOffset	003	1	3	45	2.0
75.997	50.665	stimOnset	003	1	3	45	1.0
76.247	50.831	stimOffset	003	1	3	45	1.0
76.497	50.998	stimOnset	003	1	3	45	2.0
76.747	51.165	stimOffset	003	1	3	45	2.0
76.997	51.331	stimOnset	003	1	3	45	1.0
77.247	51.498	stimOffset	003	1	3	45	1.0
77.497	51.665	stimOnset	003	1	3	45	2.0
77.747	51.831	stimOffset	003	1	3	45	2.0
77.997	51.998	stimOnset	003	1	3	45	1.0
78.247	52.165	stimOffset	003	1	3	45	1.0
78.497	52.331	stimOnset	003	1	3	45	2.0
78.747	52.498	stimOffset	003	1	3	45	2.0
78.997	52.665	stimOnset	003	1	3	45	1.0
79.247	52.831	stimOffset	003	1	3	45	1.0
79.248	52.832	RestOnset	003	1	3	45	1.0
89.497	59.664	flickerInPause	003	1	3	45	1.0
89.502	59.668	ButtonPress	003	1	3	45	1.0
89.510	59.673	ButtonPress	003	1	3	45	1.0
91.497	60.998	RestOffset	003	1	4	135	1.0
91.497	60.998	stimOnset	003	1	4	135	1.0
91.747	61.164	stimOffset	003	1	4	135	1.0
91.997	61.331	stimOnset	003	1	4	135	2.0
92.247	61.498	stimOffset	003	1	4	135	2.0
92.497	61.664	stimOnset	003	1	4	135	1.0
92.747	61.831	stimOffset	003	1	4	135	1.0
92.997	61.998	stimOnset	003	1	4	135	2.0
93.247	62.164	stimOffset	003	1	4	135	2.0
93.497	62.331	stimOnset	003	1	4	135	1.0
93.747	62.498	stimOffset	003	1	4	135	1.0
93.997	62.664	stimOnset	003	1	4	135	2.0
94.247	62.831	stimOffset	003	1	4	135	2.0
94.497	62.998	stimOnset	003	1	4	135	1.0
94.747	63.164	stimOffset	003	1	4	135	1.0
94.997	63.331	stimOnset	003	1	4	135	2.0
95.247	63.498	stimOffset	003	1	4	135	2.0
95.497	63.664	stimOnset	003	1	4	135	1.0
95.747	63.831	stimOffset	003	1	4	135	1.0
95.997	63.998	stimOnset	003	1	4	135	2.0
96.246	64.164	stimOffset	003	1	4	135	2.0
96.496	64.331	stimOnset	003	1	4	135	1.0
96.746	64.498	stimOffset	003	1	4	135	1.0
96.996	64.664	stimOnset	003	1	4	135	2.0
97.246	64.831	stimOffset	003	1	4	135	2.0
97.496	64.998	stimOnset	003	1	4	135	1.0
97.746	65.164	stimOffset	003	1	4	135	1.0
97.996	65.331	stimOnset	003	1	4	135	2.0
98.246	65.498	stimOffset	003	1	4	135	2.0
98.496	65.664	stimOnset	003	1	4	135	1.0
98.746	65.831	stimOffset	003	1	4	135	1.0
98.996	65.998	stimOnset	003	1	4	135	2.0
99.246	66.164	stimOffset	003	1	4	135	2.0
99.496	66.331	stimOnset	003	1	4	135	1.0
99.746	66.498	stimOffset	003	1	4	135	1.0
99.996	66.664	stimOnset	003	1	4	135	2.0
100.246	66.831	stimOffset	003	1	4	135	2.0
100.496	66.998	stimOnset	003	1	4	135	1.0
100.746	67.164	stimOffset	003	1	4	135	1.0
100.996	67.331	stimOnset	003	1	4	135	2.0
101.246	67.498	stimOffset	003	1	4	135	2.0
101.496	67.664	stimOnset	003	1	4	135	1.0
101.746	67.831	stimOffset	003	1	4	135	1.0
101.996	67.998	stimOnset	003	1	4	135	2.0
102.246	68.164	stimOffset	003	1	4	135	2.0
102.496	68.331	stimOnset	003	1	4	135	1.0
102.746	68.498	stimOffset	003	1	4	135	1.0
102.996	68.664	stimOnset	003	1	4	135	2.0
103.246	68.831	stimOffset	003	1	4	135	2.0
103.496	68.997	stimOnset	003	1	4	135	1.0
103.746	69.164	stimOffset	003	1	4	135	1.0
103.996	69.331	stimOnset	003	1	4	135	2.0
104.246	69.497	stimOffset	003	1	4	135	2.0
104.496	69.664	stimOnset	003	1	4	135	1.0
104.746	69.831	stimOffset	003	1	4	135	1.0
104.996	69.997	stimOnset	003	1	4	135	2.0
105.246	70.164	stimOffsetWithFlicker	003	1	4	135	2.0
105.496	70.331	stimOnset	003	1	4	135	1.0
105.746	70.497	stimOffset	003	1	4	135	1.0
105.996	70.664	stimOnset	003	1	4	135	2.0
106.246	70.831	stimOffset	003	1	4	135	2.0
106.496	70.997	stimOnset	003	1	4	135	1.0
106.746	71.164	stimOffset	003	1	4	135	1.0
106.996	71.331	stimOnset	003	1	4	135	2.0
107.246	71.497	stimOffset	003	1	4	135	2.0
107.496	71.664	stimOnset	003	1	4	135	1.0
107.746	71.831	stimOffset	003	1	4	135	1.0
107.747	71.831	RestOnset	003	1	4	135	1.0
109.996	73.331	flickerInPause	003	1	4	135	1.0
110.000	73.334	ButtonPress	003	1	4	135	1.0
110.012	73.341	ButtonPress	003	1	4	135	1.0
119.996	79.997	RestOffset	003	1	5	45	1.0
119.996	79.997	stimOnset	003	1	5	45	1.0
120.246	80.164	stimOffset	003	1	5	45	1.0
120.496	80.330	stimOnset	003	1	5	45	2.0
120.746	80.497	stimOffset	003	1	5	45	2.0
120.996	80.664	stimOnset	003	1	5	45	1.0
121.246	80.830	stimOffsetWithFlicker	003	1	5	45	1.0
121.496	80.997	stimOnset	003	1	5	45	2.0
121.746	81.164	stimOffset	003	1	5	45	2.0
121.996	81.330	stimOnset	003	1	5	45	1.0
122.246	81.497	stimOffset	003	1	5	45	1.0
122.496	81.664	stimOnset	003	1	5	45	2.0
122.746	81.830	stimOffset	003	1	5	45	2.0
122.996	81.997	stimOnset	003	1	5	45	1.0
123.245	82.164	stimOffset	003	1	5	45	1.0
123.495	82.330	stimOnset	003	1	5	45	2.0
123.745	82.497	stimOffset	003	1	5	45	2.0
123.995	82.664	stimOnset	003	1	5	45	1.0
124.245	82.830	stimOffset	003	1	5	45	1.0
124.495	82.997	stimOnset	003	1	5	45	2.0
124.745	83.164	stimOffset	003	1	5	45	2.0
124.995	83.330	stimOnset	003	1	5	45	1.0
125.245	83.497	stimOffset	003	1	5	45	1.0
125.495	83.664	stimOnset	003	1	5	45	2.0
125.745	83.830	stimOffset	003	1	5	45	2.0
125.995	83.997	stimOnset	003	1	5	45	1.0
126.245	84.164	stimOffset	003	1	5	45	1.0
126.495	84.330	stimOnset	003	1	5	45	2.0
126.745	84.497	stimOffsetWithFlicker	003	1	5	45	2.0
126.995	84.664	stimOnset	003	1	5	45	1.0
127.245	84.830	stimOffset	003	1	5	45	1.0
127.495	84.997	stimOnset	003	1	5	45	2.0
127.745	85.164	stimOffset	003	1	5	45	2.0
127.995	85.330	stimOnset	003	1	5	45	1.0
128.245	85.497	stimOffset	003	1	5	45	1.0
128.495	85.664	stimOnset	003	1	5	45	2.0
128.745	85.830	stimOffset	003	1	5	45	2.0
128.995	85.997	stimOnset	003	1	5	45	1.0
129.245	86.164	stimOffset	003	1	5	45	1.0
129.495	86.330	stimOnset	003	1	5	45	2.0
129.745	86.497	stimOffset	003	1	5	45	2.0
129.995	86.663	stimOnset	003	1	5	45	1.0
130.245	86.830	stimOffset	003	1	5	45	1.0
130.495	86.997	stimOnset	003	1	5	45	2.0
130.745	87.163	stimOffset	003	1	5	45	2.0
130.995	87.330	stimOnset	003	1	5	45	1.0
131.245	87.497	stimOffset	003	1	5	45	1.0
131.495	87.663	stimOnset	003	1	5	45	2.0
131.745	87.830	stimOffset	003	1	5	45	2.0
131.995	87.997	stimOnset	003	1	5	45	1.0
132.245	88.163	stimOffset	003	1	5	45	1.0
132.495	88.330	stimOnset	003	1	5	45	2.0
132.745	88.497	stimOffset	003	1	5	45	2.0
132.995	88.663	stimOnset	003	1	5	45	1.0
133.245	88.830	stimOffset	003	1	5	45	1.0
133.495	88.997	stimOnset	003	1	5	45	2.0
133.745	89.163	stimOffset	003	1	5	45	2.0
133.995	89.330	stimOnset	003	1	5	45	1.0
134.245	89.497	stimOffset	003	1	5	45	1.0
134.495	89.663	stimOnset	003	1	5	45	2.0
134.745	89.830	stimOffset	003	1	5	45	2.0
134.995	89.997	stimOnset	003	1	5	45	1.0
135.245	90.163	stimOffsetWithFlicker	003	1	5	45	1.0
135.495	90.330	stimOnset	003	1	5	45	2.0
135.745	90.497	stimOffset	003	1	5	45	2.0
135.995	90.663	stimOnset	003	1	5	45	1.0
136.245	90.830	stimOffset	003	1	5	45	1.0
136.246	90.830	RestOnset	003	1	5	45	1.0
139.495	92.997	flickerInPause	003	1	5	45	1.0
139.499	92.999	ButtonPress	003	1	5	45	1.0
139.507	93.004	ButtonPress	003	1	5	45	1.0
139.514	93.009	ButtonPress	003	1	5	45	1.0
139.521	93.014	ButtonPress	003	1	5	45	1.0
145.495	96.996	flickerInPause	003	1	5	45	1.0
145.749	97.166	ButtonPress	003	1	6	135	1.0
148.495	98.996	RestOffset	003	1	6	135	1.0
148.495	98.996	stimOnset	003	1	6	135	1.0
148.745	99.163	stimOffset	003	1	6	135	1.0
148.995	99.330	stimOnset	003	1	6	135	2.0
149.245	99.496	stimOffset	003	1	6	135	2.0
149.495	99.663	stimOnset	003	1	6	135	1.0
149.745	99.830	stimOffset	003	1	6	135	1.0
149.995	99.996	stimOnset	003	1	6	135	2.0
150.244	100.163	stimOffset	003	1	6	135	2.0
150.494	100.330	stimOnset	003	1	6	135	1.0
150.744	100.496	stimOffset	003	1	6	135	1.0
150.994	100.663	stimOnset	003	1	6	135	2.0
151.244	100.830	stimOffset	003	1	6	135	2.0
151.494	100.996	stimOnset	003	1	6	135	1.0
151.744	101.163	stimOffset	003	1	6	135	1.0
151.994	101.330	stimOnset	003	1	6	135	2.0
152.244	101.496	stimOffset	003	1	6	135	2.0
152.494	101.663	stimOnset	003	1	6	135	1.0
152.744	101.830	stimOffset	003	1	6	135	1.0
152.994	101.996	stimOnset	003	1	6	135	2.0
153.244	102.163	stimOffsetWithFlicker	003	1	6	135	2.0
153.494	102.330	stimOnset	003	1	6	135	1.0
153.744	102.496	stimOffset	003	1	6	135	1.0
153.994	102.663	stimOnset	003	1	6	135	2.0
154.244	102.830	stimOffset	003	1	6	135	2.0
154.494	102.996	stimOnset	003	1	6	135	1.0
154.744	103.163	stimOffset	003	1	6	135	1.0
154.994	103.330	stimOnset	003	1	6	135	2.0
155.244	103.496	stimOffset	003	1	6	135	2.0
155.494	103.663	stimOnset	003	1	6	135	1.0
155.744	103.830	stimOffset	003	1	6	135	1.0
155.994	103.996	stimOnset	003	1	6	135	2.0
156.244	104.163	stimOffset	003	1	6	135	2.0
156.494	104.330	stimOnset	003	1	6	135	1.0
156.744	104.496	stimOffset	003	1	6	135	1.0
156.994	104.663	stimOnset	003	1	6	135	2.0
157.244	104.829	stimOffset	003	1	6	135	2.0
157.494	104.996	stimOnset	003	1	6	135	1.0
157.744	105.163	stimOffset	003	1	6	135	1.0
157.994	105.329	stimOnset	003	1	6	135	2.0
158.244	105.496	stimOffset	003	1	6	135	2.0
158.494	105.663	stimOnset	003	1	6	135	1.0
158.744	105.829	stimOffset	003	1	6	135	1.0
158.994	105.996	stimOnset	003	1	6	135	2.0
159.244	106.163	stimOffset	003	1	6	135	2.0
159.494	106.329	stimOnset	003	1	6	135	1.0
159.744	106.496	stimOffset	003	1	6	135	1.0
159.994	106.663	stimOnset	003	1	6	135	2.0
160.244	106.829	stimOffset	003	1	6	135	2.0
160.494	106.996	stimOnset	003	1	6	135	1.0
160.744	107.163	stimOffset	003	1	6	135	1.0
160.994	107.329	stimOnset	003	1	6	135	2.0
161.244	107.496	stimOffset	003	1	6	135	2.0
161.494	107.663	stimOnset	003	1	6	135	1.0
161.744	107.829	stimOffset	003	1	6	135	1.0
161.994	107.996	stimOnset	003	1	6	135	2.0
162.244	108.163	stimOffset	003	1	6	135	2.0
162.494	108.329	stimOnset	003	1	6	135	1.0
162.744	108.496	stimOffset	003	1	6	135	1.0
162.994	108.663	stimOnset	003	1	6	135	2.0
163.244	108.829	stimOffset	003	1	6	135	2.0
163.494	108.996	stimOnset	003	1	6	135	1.0
163.744	109.163	stimOffset	003	1	6	135	1.0
163.994	109.329	stimOnset	003	1	6	135	2.0
164.244	109.496	stimOffset	003	1	6	135	2.0
164.494	109.663	stimOnset	003	1	6	135	1.0
164.744	109.829	stimOffset	003	1	6	135	1.0
164.745	109.830	RestOnset	003	1	6	135	1.0
174.994	116.662	flickerInPause	003	1	6	135	1.0
174.997	116.665	ButtonPress	003	1	6	135	1.0
175.005	116.670	ButtonPress	003	1	6	135	1.0
175.012	116.675	ButtonPress	003	1	6	135	1.0
176.994	117.996	RestOffset	003	1	7	45	1.0
176.994	117.996	stimOnset	003	1	7	45	1.0
177.243	118.162	stimOffset	003	1	7	45	1.0
177.493	118.329	stimOnset	003	1	7	45	2.0
177.743	118.496	stimOffsetWithFlicker	003	1	7	45	2.0
177.993	118.662	stimOnset	003	1	7	45	1.0
178.243	118.829	stimOffset	003	1	7	45	1.0
178.493	118.996	stimOnset	003	1	7	45	2.0
178.743	119.162	stimOffset	003	1	7	45	2.0
178.993	119.329	stimOnset	003	1	7	45	1.0
179.243	119.496	stimOffset	003	1	7	45	1.0
179.493	119.662	stimOnset	003	1	7	45	2.0
179.743	119.829	stimOffset	003	1	7	45	2.0
179.993	119.996	stimOnset	003	1	7	45	1.0
180.243	120.162	stimOffset	003	1	7	45	1.0
180.493	120.329	stimOnset	003	1	7	45	2.0
180.743	120.496	stimOffset	003	1	7	45	2.0
180.993	120.662	stimOnset	003	1	7	45	1.0
181.243	120.829	stimOffset	003	1	7	45	1.0
181.493	120.996	stimOnset	003	1	7	45	2.0
181.743	121.162	stimOffset	003	1	7	45	2.0
181.993	121.329	stimOnset	003	1	7	45	1.0
182.243	121.496	stimOffset	003	1	7	45	1.0
182.493	121.662	stimOnset	003	1	7	45	2.0
182.743	121.829	stimOffset	003	1	7	45	2.0
182.993	121.996	stimOnset	003	1	7	45	1.0
183.243	122.162	stimOffset	003	1	7	45	1.0
183.493	122.329	stimOnset	003	1	7	45	2.0
183.743	122.496	stimOffset	003	1	7	45	2.0
183.993	122.662	stimOnset	003	1	7	45	1.0
184.243	122.829	stimOffset	003	1	7	45	1.0
184.493	122.995	stimOnset	003	1	7	45	2.0
184.743	123.162	stimOffset	003	1	7	45	2.0
184.993	123.329	stimOnset	003	1	7	45	1.0
185.243	123.495	stimOffset	003	1	7	45	1.0
185.493	123.662	stimOnset	003	1	7	45	2.0
185.743	123.829	stimOffset	003	1	7	45	2.0
185.993	123.995	stimOnset	003	1	7	45	1.0
186.243	124.162	stimOffset	003	1	7	45	1.0
186.493	124.329	stimOnset	003	1	7	45	2.0
186.743	124.495	stimOffset	003	1	7	45	2.0
186.993	124.662	stimOnset	003	1	7	45	1.0
187.243	124.829	stimOffset	003	1	7	45	1.0
187.493	124.995	stimOnset	003	1	7	45	2.0
187.743	125.162	stimOffset	003	1	7	45	2.0
187.993	125.329	stimOnset	003	1	7	45	1.0
188.243	125.495	stimOffset	003	1	7	45	1.0
188.493	125.662	stimOnset	003	1	7	45	2.0
188.743	125.829	stimOffset	003	1	7	45	2.0
188.993	125.995	stimOnset	003	1	7	45	1.0
189.243	126.162	stimOffset	003	1	7	45	1.0
189.493	126.329	stimOnset	003	1	7	45	2.0
189.743	126.495	stimOffset	003	1	7	45	2.0
189.993	126.662	stimOnset	003	1	7	45	1.0
190.243	126.829	stimOffset	003	1	7	45	1.0
190.493	126.995	stimOnset	003	1	7	45	2.0
190.743	127.162	stimOffset	003	1	7	45	2.0
190.993	127.329	stimOnset	003	1	7	45	1.0
191.243	127.495	stimOffset	003	1	7	45	1.0
191.493	127.662	stimOnset	003	1	7	45	2.0
191.743	127.829	stimOffset	003	1	7	45	2.0
191.993	127.995	stimOnset	003	1	7	45	1.0
192.243	128.162	stimOffset	003	1	7	45	1.0
192.493	128.329	stimOnset	003	1	7	45	2.0
192.743	128.495	stimOffset	003	1	7	45	2.0
192.993	128.662	stimOnset	003	1	7	45	1.0
193.243	128.829	stimOffset	003	1	7	45	1.0
193.244	128.829	RestOnset	003	1	7	45	1.0
195.493	130.329	flickerInPause	003	1	7	45	1.0
195.496	130.331	ButtonPress	003	1	7	45	1.0
195.505	130.336	ButtonPress	003	1	7	45	1.0
198.493	132.328	flickerInPause	003	1	7	45	1.0
199.493	132.995	flickerInPause	003	1	7	45	1.0
199.746	133.164	ButtonPress	003	1	8	135	1.0
199.754	133.170	ButtonPress	003	1	8	135	1.0
205.492	136.995	RestOffset	003	1	8	135	1.0
205.492	136.995	stimOnset	003	1	8	135	1.0
205.742	137.162	stimOffset	003	1	8	135	1.0
205.992	137.328	stimOnset	003	1	8	135	2.0
206.242	137.495	stimOffset	003	1	8	135	2.0
206.492	137.662	stimOnset	003	1	8	135	1.0
206.742	137.828	stimOffset	003	1	8	135	1.0
206.992	137.995	stimOnset	003	1	8	135	2.0
207.242	138.162	stimOffset	003	1	8	135	2.0
207.492	138.328	stimOnset	003	1	8	135	1.0
207.742	138.495	stimOffset	003	1	8	135	1.0
207.992	138.662	stimOnset	003	1	8	135	2.0
208.242	138.828	stimOffset	003	1	8	135	2.0
208.492	138.995	stimOnset	003	1	8	135	1.0
208.742	139.162	stimOffset	003	1	8	135	1.0
208.992	139.328	stimOnset	003	1	8	135	2.0
209.242	139.495	stimOffset	003	1	8	135	2.0
209.492	139.662	stimOnset	003	1	8	135	1.0
209.742	139.828	stimOffset	003	1	8	135	1.0
209.992	139.995	stimOnset	003	1	8	135	2.0
210.242	140.162	stimOffset	003	1	8	135	2.0
210.492	140.328	stimOnset	003	1	8	135	1.0
210.742	140.495	stimOffset	003	1	8	135	1.0
210.992	140.661	stimOnset	003	1	8	135	2.0
211.242	140.828	stimOffset	003	1	8	135	2.0
211.492	140.995	stimOnset	003	1	8	135	1.0
211.742	141.161	stimOffset	003	1	8	135	1.0
211.992	141.328	stimOnset	003	1	8	135	2.0
212.242	141.495	stimOffset	003	1	8	135	2.0
212.492	141.661	stimOnset	003	1	8	135	1.0
212.742	141.828	stimOffset	003	1	8	135	1.0
212.992	141.995	stimOnset	003	1	8	135	2.0
213.242	142.161	stimOffset	003	1	8	135	2.0
213.492	142.328	stimOnset	003	1	8	135	1.0
213.742	142.495	stimOffset	003	1	8	135	1.0
213.992	142.661	stimOnset	003	1	8	135	2.0
214.242	142.828	stimOffset	003	1	8	135	2.0
214.492	142.995	stimOnset	003	1	8	135	1.0
214.742	143.161	stimOffset	003	1	8	135	1.0
214.992	143.328	stimOnset	003	1	8	135	2.0
215.242	143.495	stimOffset	003	1	8	135	2.0
215.492	143.661	stimOnset	003	1	8	135	1.0
215.742	143.828	stimOffset	003	1	8	135	1.0
215.992	143.995	stimOnset	003	1	8	135	2.0
216.242	144.161	stimOffset	003	1	8	135	2.0
216.492	144.328	stimOnset	003	1	8	135	1.0
216.742	144.495	stimOffset	003	1	8	135	1.0
216.992	144.661	stimOnset	003	1	8	135	2.0
217.242	144.828	stimOffsetWithFlicker	003	1	8	135	2.0
217.492	144.995	stimOnset	003	1	8	135	1.0
217.742	145.161	stimOffset	003	1	8	135	1.0
217.992	145.328	stimOnset	003	1	8	135	2.0
218.242	145.495	stimOffset	003	1	8	135	2.0
218.492	145.661	stimOnset	003	1	8	135	1.0
218.759	145.839	stimOffset	003	1	8	135	1.0
219.009	146.006	stimOnset	003	1	8	135	2.0
219.259	146.172	stimOffset	003	1	8	135	2.0
219.509	146.339	stimOnset	003	1	8	135	1.0
219.759	146.506	stimOffset	003	1	8	135	1.0
220.009	146.672	stimOnset	003	1	8	135	2.0
220.259	146.839	stimOffset	003	1	8	135	2.0
220.509	147.006	stimOnset	003	1	8	135	1.0
220.759	147.172	stimOffset	003	1	8	135	1.0
221.009	147.339	stimOnset	003	1	8	135	2.0
221.259	147.506	stimOffset	003	1	8	135	2.0
221.509	147.672	stimOnset	003	1	8	135	1.0
221.759	147.839	stimOffset	003	1	8	135	1.0
221.759	147.839	RestOnset	003	1	8	135	1.0
228.008	152.006	flickerInPause	003	1	8	135	1.0
228.012	152.008	ButtonPress	003	1	8	135	1.0
234.008	156.005	RestOffset	003	1	9	45	1.0
234.008	156.005	stimOnset	003	1	9	45	1.0
234.258	156.172	stimOffset	003	1	9	45	1.0
234.508	156.339	stimOnset	003	1	9	45	2.0
234.758	156.505	stimOffset	003	1	9	45	2.0
235.008	156.672	stimOnset	003	1	9	45	1.0
235.258	156.839	stimOffsetWithFlicker	003	1	9	45	1.0
235.508	157.005	stimOnset	003	1	9	45	2.0
235.758	157.172	stimOffset	003	1	9	45	2.0
236.008	157.339	stimOnset	003	1	9	45	1.0
236.258	157.505	stimOffset	003	1	9	45	1.0
236.508	157.672	stimOnset	003	1	9	45	2.0
236.758	157.839	stimOffset	003	1	9	45	2.0
237.008	158.005	stimOnset	003	1	9	45	1.0
237.258	158.172	stimOffset	003	1	9	45	1.0
237.508	158.339	stimOnset	003	1	9	45	2.0
237.758	158.505	stimOffset	003	1	9	45	2.0
238.008	158.672	stimOnset	003	1	9	45	1.0
238.258	158.839	stimOffset	003	1	9	45	1.0
238.508	159.005	stimOnset	003	1	9	45	2.0
238.758	159.172	stimOffset	003	1	9	45	2.0
239.008	159.339	stimOnset	003	1	9	45	1.0
239.258	159.505	stimOffset	003	1	9	45	1.0
239.508	159.672	stimOnset	003	1	9	45	2.0
239.758	159.839	stimOffset	003	1	9	45	2.0
240.008	160.005	stimOnset	003	1	9	45	1.0
240.258	160.172	stimOffset	003	1	9	45	1.0
240.508	160.339	stimOnset	003	1	9	45	2.0
240.758	160.505	stimOffset	003	1	9	45	2.0
241.008	160.672	stimOnset	003	1	9	45	1.0
241.258	160.839	stimOffset	003	1	9	45	1.0
241.508	161.005	stimOnset	003	1	9	45	2.0
241.758	161.172	stimOffset	003	1	9	45	2.0
242.008	161.339	stimOnset	003	1	9	45	1.0
242.258	161.505	stimOffsetWithFlicker	003	1	9	45	1.0
242.508	161.672	stimOnset	003	1	9	45	2.0
242.758	161.838	stimOffset	003	1	9	45	2.0
243.008	162.005	stimOnset	003	1	9	45	1.0
243.258	162.172	stimOffset	003	1	9	45	1.0
243.508	162.338	stimOnset	003	1	9	45	2.0
243.758	162.505	stimOffset	003	1	9	45	2.0
244.008	162.672	stimOnset	003	1	9	45	1.0
244.258	162.838	stimOffset	003	1	9	45	1.0
244.508	163.005	stimOnset	003	1	9	45	2.0
244.758	163.172	stimOffset	003	1	9	45	2.0
245.008	163.338	stimOnset	003	1	9	45	1.0
245.258	163.505	stimOffset	003	1	9	45	1.0
245.508	163.672	stimOnset	003	1	9	45	2.0
245.758	163.838	stimOffset	003	1	9	45	2.0
246.008	164.005	stimOnset	003	1	9	45	1.0
246.258	164.172	stimOffset	003	1	9	45	1.0
246.508	164.338	stimOnset	003	1	9	45	2.0
246.758	164.505	stimOffset	003	1	9	45	2.0
247.008	164.672	stimOnset	003	1	9	45	1.0
247.258	164.838	stimOffset	003	1	9	45	1.0
247.508	165.005	stimOnset	003	1	9	45	2.0
247.758	165.172	stimOffset	003	1	9	45	2.0
248.008	165.338	stimOnset	003	1	9	45	1.0
248.258	165.505	stimOffset	003	1	9	45	1.0
248.508	165.672	stimOnset	003	1	9	45	2.0
248.758	165.838	stimOffsetWithFlicker	003	1	9	45	2.0
249.008	166.005	stimOnset	003	1	9	45	1.0
249.257	166.172	stimOffset	003	1	9	45	1.0
249.507	166.338	stimOnset	003	1	9	45	2.0
249.757	166.505	stimOffset	003	1	9	45	2.0
250.007	166.672	stimOnset	003	1	9	45	1.0
250.257	166.838	stimOffset	003	1	9	45	1.0
250.258	166.839	RestOnset	003	1	9	45	1.0
254.507	169.672	flickerInPause	003	1	9	45	1.0
254.511	169.674	ButtonPress	003	1	9	45	1.0
254.518	169.678	ButtonPress	003	1	9	45	1.0
254.524	169.683	ButtonPress	003	1	9	45	1.0
254.530	169.687	ButtonPress	003	1	9	45	1.0
260.507	173.671	flickerInPause	003	1	9	45	1.0
261.507	174.338	flickerInPause	003	1	9	45	1.0
261.760	174.507	ButtonPress	003	1	10	135	1.0
261.767	174.511	ButtonPress	003	1	10	135	1.0
262.507	175.005	RestOffset	003	1	10	135	1.0
262.507	175.005	stimOnset	003	1	10	135	1.0
262.757	175.171	stimOffset	003	1	10	135	1.0
263.007	175.338	stimOnset	003	1	10	135	2.0
263.257	175.505	stimOffset	003	1	10	135	2.0
263.507	175.671	stimOnset	003	1	10	135	1.0
263.757	175.838	stimOffset	003	1	10	135	1.0
264.007	176.005	stimOnset	003	1	10	135	2.0
264.257	176.171	stimOffset	003	1	10	135	2.0
264.507	176.338	stimOnset	003	1	10	135	1.0
264.757	176.505	stimOffset	003	1	10	135	1.0
265.007	176.671	stimOnset	003	1	10	135	2.0
265.257	176.838	stimOffsetWithFlicker	003	1	10	135	2.0
265.507	177.005	stimOnset	003	1	10	135	1.0
265.757	177.171	stimOffset	003	1	10	135	1.0
266.007	177.338	stimOnset	003	1	10	135	2.0
266.257	177.505	stimOffset	003	1	10	135	2.0
266.507	177.671	stimOnset	003	1	10	135	1.0
266.757	177.838	stimOffset	003	1	10	135	1.0
267.007	178.005	stimOnset	003	1	10	135	2.0
267.257	178.171	stimOffset	003	1	10	135	2.0
267.507	178.338	stimOnset	003	1	10	135	1.0
267.757	178.505	stimOffset	003	1	10	135	1.0
268.007	178.671	stimOnset	003	1	10	135	2.0
268.257	178.838	stimOffset	003	1	10	135	2.0
268.507	179.005	stimOnset	003	1	10	135	1.0
268.757	179.171	stimOffset	003	1	10	135	1.0
269.007	179.338	stimOnset	003	1	10	135	2.0
269.257	179.505	stimOffset	003	1	10	135	2.0
269.507	179.671	stimOnset	003	1	10	135	1.0
269.757	179.838	stimOffset	003	1	10	135	1.0
270.007	180.004	stimOnset	003	1	10	135	2.0
270.257	180.171	stimOffset	003	1	10	135	2.0
270.507	180.338	stimOnset	003	1	10	135	1.0
270.757	180.504	stimOffset	003	1	10	135	1.0
271.007	180.671	stimOnset	003	1	10	135	2.0
271.257	180.838	stimOffset	003	1	10	135	2.0
271.507	181.004	stimOnset	003	1	10	135	1.0
271.757	181.171	stimOffset	003	1	10	135	1.0
272.007	181.338	stimOnset	003	1	10	135	2.0
272.257	181.504	stimOffset	003	1	10	135	2.0
272.507	181.671	stimOnset	003	1	10	135	1.0
272.757	181.838	stimOffset	003	1	10	135	1.0
273.007	182.004	stimOnset	003	1	10	135	2.0
273.257	182.171	stimOffset	003	1	10	135	2.0
273.507	182.338	stimOnset	003	1	10	135	1.0
273.757	182.504	stimOffset	003	1	10	135	1.0
274.007	182.671	stimOnset	003	1	10	135	2.0
274.257	182.838	stimOffset	003	1	10	135	2.0
274.507	183.004	stimOnset	003	1	10	135	1.0
274.757	183.171	stimOffset	003	1	10	135	1.0
275.007	183.338	stimOnset	003	1	10	135	2.0
275.257	183.504	stimOffset	003	1	10	135	2.0
275.507	183.671	stimOnset	003	1	10	135	1.0
275.757	183.838	stimOffset	003	1	10	135	1.0
276.007	184.004	stimOnset	003	1	10	135	2.0
276.256	184.171	stimOffset	003	1	10	135	2.0
276.506	184.338	stimOnset	003	1	10	135	1.0
276.756	184.504	stimOffset	003	1	10	135	1.0
277.006	184.671	stimOnset	003	1	10	135	2.0
277.256	184.838	stimOffset	003	1	10	135	2.0
277.506	185.004	stimOnset	003	1	10	135	1.0
277.756	185.171	stimOffset	003	1	10	135	1.0
278.006	185.338	stimOnset	003	1	10	135	2.0
278.256	185.504	stimOffset	003	1	10	135	2.0
278.506	185.671	stimOnset	003	1	10	135	1.0
278.756	185.838	stimOffset	003	1	10	135	1.0
278.757	185.838	RestOnset	003	1	10	135	1.0
287.006	191.337	flickerInPause	003	1	10	135	1.0
287.010	191.340	ButtonPress	003	1	10	135	1.0
287.017	191.344	ButtonPress	003	1	10	135	1.0
291.011	194.007	ButtonPress	003	1	10	135	1.0
